Fecha,Comentario,Estrellas,Likes
08 jun. 2023,"Muy malo, lento y a las 2 semanas empezó a presentar un error en la bateria.",Calificación 1 de 5,28
11 may. 2023,"Se me tilda, no me anda táctil. No termine de pagarlo y me funciona mal. Necesito que me solucionen el problema ya que estoy por parir y necesito estar comunicada y no me funciona el táctil.",Calificación 1 de 5,36
18 mar. 2023,"Tiene un mes el celular y se apago de la nada y dice bienvenido de nuevo , como si recién lo usará y no hay forma de qe funcione.",Calificación 1 de 5,24
16 feb. 2023,"Cuando lo enchufo me dice carga rápida,pero tarda más de 3 horas para cargar el 100% y eso que lo pongo a cargar con un 37%.",Calificación 1 de 5,21
09 jun. 2023,Producto malo. El procesador es de muy mala calidad. No lo recomiendo para nada.,Calificación 1 de 5,16
10 mar. 2023,La verdad para tener 128 g y 4 r muy lento para las aplicaciones habituales. No recomendable.,Calificación 1 de 5,18
25 mar. 2023,La verdad no es lo que esperaraba es un celular recontruido en tierra del fuego y lo peor es un samsung generico.,Calificación 1 de 5,18
26 jun. 2023,"Un cargador vino fallado. Ya que marcaba peligro al ponerlo a cargar. Y la solución que me dieron desde la empresa fue que vaya hasta caballito, yo soy de zona sur y que ahí iban a ver como lo resolvían. Por algo compre por mercado libre para no tener que irme a algún lugar.",Calificación 1 de 5,13
21 jun. 2023,"Malo, no lo recomiendo. Quedan colgadas las notificaciones como no leidas (tengo que re iniciar el teléfono) la cámara es malisima.",Calificación 1 de 5,11
22 jun. 2023,No me pueden solucionar la facturación del producto. No recomendable si necesitan factura.,Calificación 1 de 5,9
20 jul. 2023,"Hola. Me contacto por este medio para ver di tiene garantia este telefono y si me lo puden cambiar por otra unidad. Dado que el mismo se reinicia,no puedo entrar a ciertas paginas y me pidio varias actualizaciones y de ahi quedo diferente mi celular. Quisiera que me lo cambien. Desde ya muchas gracias.",Calificación 1 de 5,6
09 jul. 2023,No funciona para poner memoria externa vino con falla y si reclamos hay que hacer un montón de cosas y me quedo sin comunicación.,Calificación 1 de 5,5
06 feb. 2024,,Calificación 1 de 5,4
29 sep. 2023,La verdad q desilucionada la primera vez q me pasa miren bien en cuanto lleguen el teléfono estaba con el imei bloqueado desde fabrica y hace casi un mes q estoy con vueltas ahora me devuelven el celular y tengo q arreglarme con la garantía espero q me lo solucionen pq sino pierdo 100000$ como si nada.,Calificación 1 de 5,3
06 may. 2023,"Le faltan funcionez como captura de oantalls y el fictado por voz es lento, no funciona el corrector.",Calificación 1 de 5,4
28 ene. 2024,"La cámara es muy mala, y la batería tarda muchísimo en cargarse!.",Calificación 1 de 5,2
06 oct. 2023,Yo compré algo que vino falladom me devuelven el dinero pero no lo que pedí. Ahora tengo que comprar por otro lado y más caro.,Calificación 1 de 5,2
22 sep. 2023,Es una vergüenza que vendan equipos robados y los hagan pasar como nuevo.,Calificación 1 de 5,2
05 oct. 2023,Malísimo. Lento y la calidad de cámara es absudarmente mala. No compren.,Calificación 1 de 5,1
17 sep. 2023,Más o menos.,Calificación 1 de 5,1
03 sep. 2023,Una carga. Da…. Pero buen…!!.,Calificación 1 de 5,1
05 jul. 2023,"Desde el primer día de uso el equipo presentaba problemas en la bateria, una vez que se descagaba no volvia a cargar, pasado el tiempo de garantia tuve que abrirlo para cambiarle la pantalla y me encuentro con que no tenia ninguno de los tornillos. Me vendieron un equipo con la bateria quemada, sin tornillos que sostengan las placas y seguramente usado.",Calificación 1 de 5,1
14 abr. 2024,A menos de una semana de uso falla !!.,Calificación 1 de 5,0
27 mar. 2024,El sistema operativo android. Esta fallando. Donde puedo llevarlo?.,Calificación 1 de 5,0
20 ago. 2024,Pasaron una factura incompleta. Y nunca me pasaron la factura como corresponde.,Calificación 1 de 5,0
16 ago. 2024,Teléfono de muy baja calidad.,Calificación 1 de 5,0
15 ago. 2024,La pantalla se ve con tonalidades verdes u no actualiza las últimas versiones de las app ni android.,Calificación 1 de 5,0
12 ago. 2024,Al mes lo tuve que llevar a la garantía porque se apagó la pantalla.,Calificación 1 de 5,0
28 jul. 2024,No funciona el cargador.,Calificación 1 de 5,0
19 jul. 2024,Muy lento.,Calificación 1 de 5,0
16 jul. 2024,"La verdad mi peor compra, no lo recomiendo para nada o en este lugar. Mi suegra tiene exactamente el mismo y pensé que iba a ser buena compra la verdad mis peor inversión entre que se tilda todo el tiempo.",Calificación 1 de 5,0
08 jul. 2024,Personalmente me resultó pésimo. No me cargaba estando en uso.,Calificación 1 de 5,0
01 jul. 2024,Safa.,Calificación 1 de 5,0
30 jun. 2024,No estoy conforme con el produto.,Calificación 1 de 5,0
15 jun. 2024,3 meses de uso normal y se rompió el pin de carga.,Calificación 1 de 5,0
06 jun. 2024,"Estoy teniendo problemas con el funcionamiento del teléfono, quisiera saber cómo puedo hacer para que me lo cambien pues tiene fallas de fabrica.",Calificación 1 de 5,0
02 jun. 2024,Muy malo.,Calificación 1 de 5,0
24 may. 2024,Horrible me robaron y encima no me reconocen el mal estado del equipo esto no va quedar así voy a ir a defensa del consumidor por chorros y mercado libre también encubrimiento a delicientes.,Calificación 1 de 5,0
23 may. 2024,"El teléfono se colgo desde el día 1,.",Calificación 1 de 5,0
20 abr. 2024,"El producto llago fallado. El sonido es minimo, borroso y con mucho ruido blanco e intermitente, tanto para los llamados, mensajes de voz y música.",Calificación 1 de 5,0
17 abr. 2024,Un mes me duró y se apago la pantalla.,Calificación 1 de 5,0
10 abr. 2024,Actualizo. En mi caso a la semana dejo de funcionar correctamente por un problema de fabrica y lo tuve que devolver.,Calificación 1 de 5,0
10 abr. 2024,"Una basura, lo devolví.",Calificación 1 de 5,0
09 abr. 2024,No anda el sensor de aproximidad.,Calificación 1 de 5,0
02 abr. 2024,Muy lento.,Calificación 1 de 5,0
29 mar. 2024,"Mi producto me parece malo porque no prende,no anda.",Calificación 1 de 5,0
17 mar. 2024,El producto nos vino fallado: no cargaba y las pocas veces que cargaba desde el 90% se descarga automáticamente a 1% y se apagaba. No obstante se negaron a cambiarnos el producto porque lo aumentaron 100. 000$ una estafa total.,Calificación 1 de 5,0
11 mar. 2024,"Todavia, despues de meses estoy esperando que me hagan la factura como corresponde. Y siempre me sigue diciendo lo mismo.",Calificación 1 de 5,0
08 mar. 2024,"Es un gama media-baja con precio de gama media, no vale la pena.",Calificación 1 de 5,0
28 feb. 2024,"Es lentisimo de entrada, la bateria no dura mucho.",Calificación 1 de 5,0
06 feb. 2024,"El teléfono empezó mostrar fallas en la cámara y se ve todo blanco en la delantera y trasera, quisiera saber si hay un cambio o alguna garantía xq tiene 2 meses y medio y ya falla, así q quiero saber si hay garantia.",Calificación 1 de 5,0
06 feb. 2024,Es muy lento. Se tilda mucho. La cámara tiene mucho filtro y no permite quitarlo.,Calificación 1 de 5,0
12 ene. 2024,Celular devuelto porque no funcionaba.,Calificación 1 de 5,0
11 ene. 2024,Puse el seguro de la caja y cuando lo quise usar me cobraron una franquicia.,Calificación 1 de 5,0
08 ene. 2024,"Malisimo, mala batería se le va enseguida, malisimas selfie, muy mala definición, se tilda cuando queres volver para atrás en los mensajes whatsapp etc.",Calificación 1 de 5,0
04 ene. 2024,Malísimo.,Calificación 1 de 5,0
28 dic. 2023,"Se recalentaba la batería y funcionaba muy lento, decidí devolver la compra.",Calificación 1 de 5,0
27 dic. 2023,Vino más de fábrica y no me repucieron el celular.,Calificación 1 de 5,0
13 dic. 2023,Hace 6 días lo compre y dejo de funcionar la cámara.,Calificación 1 de 5,0
12 dic. 2023,La camara aparece negra donde se puede devolver o reparar?.,Calificación 1 de 5,0
05 dic. 2023,Duró 45 días. De terror.,Calificación 1 de 5,0
04 dic. 2023,Mala experiencia.,Calificación 1 de 5,0
29 nov. 2023,"De terror los de mercado libre, cuando es un producto suyo no te sejan cancelar la compra y tenes que recibirlo, no compren sus productos.",Calificación 1 de 5,0
23 nov. 2023,"Antes de este tenia un nokia24m no hay comparacion , el nokia es dos años mas viejo pero se lo come al a4 mejor prosesador , mejor interfas , mas facil de usar. La bateria que tenia dos años de uso dura lo mismo que esta y este es un celular gama baja que le pusieron 128 gb de almacenamiento. Me arrepiento de la compra no lo recomiendo.",Calificación 1 de 5,0
16 nov. 2023,La verdad un queso el celu este no lo puedo creer.,Calificación 1 de 5,0
25 oct. 2023,Fallo ni bien lo encendi y tuve que devolverlo.,Calificación 1 de 5,0
18 oct. 2023,"No es el producto que compre, es un soporte para jabon tocador.",Calificación 1 de 5,0
28 sep. 2023,"Recibí el producto muy lindo todo ,pero tuve q devolver porque andaba solo con wifi es lo peor q me pasó 😪.",Calificación 1 de 5,0
15 sep. 2023,El producto vino mal de fábrica. Debí cancelar la compra. No tuve inconvenientes para hacerlo.,Calificación 1 de 5,0
14 sep. 2023,Bastante bueno.,Calificación 1 de 5,0
28 ago. 2023,"Vino con cosas que parece un celular reparado y no nuevo , con una cuenta quw no nos pertenece.",Calificación 1 de 5,0
22 ago. 2023,Malisimo 20 días me anduvo y hace 1 mes que me tienen a la vuelta con la garantía. Todos se laban las manos. 😡.,Calificación 1 de 5,0
12 ago. 2023,Se salió el protector del lente.,Calificación 1 de 5,0
07 ago. 2023,"Malo malo, se tilda se borran las aplicaciones.",Calificación 1 de 5,0
03 ago. 2023,Un desastre.,Calificación 1 de 5,0
30 jul. 2023,Demasiado fragil.,Calificación 1 de 5,0
25 jul. 2023,Malo muy malo.,Calificación 1 de 5,0
20 jul. 2023,El celular lo compre en abril y y en junio ya no funciona.,Calificación 1 de 5,0
13 jul. 2023,Nunca anduvo ni cargo de nuevo.,Calificación 1 de 5,0
04 jul. 2023,Es un teléfono viejo.,Calificación 1 de 5,0
08 jun. 2023,"Malisima la definición de la cámara, una decepción. La bateria bien y tiene velocidad el celular. Eso bien.",Calificación 1 de 5,0
30 may. 2023,Hola buenas tardes mira el celular c tilda mucho y da dificultad para el táctil.,Calificación 1 de 5,0
26 may. 2023,Lo devolvi.,Calificación 1 de 5,0
12 abr. 2023,"Hola ,no dura nada la batería y se calienta cuando lo uso.",Calificación 1 de 5,0
01 feb. 2023,No me gusto para nada.,Calificación 1 de 5,0
17 may. 2023,Vergüenza.,Calificación 1 de 5,2
04 abr. 2024,"Recibí el producto roto,todo aplastado,no prende,no recibe carga y en el momento de realizar la devolución,me equivoqué y puse reembolso de dinero y no recibo el total de lo que pague,la verdad un desastre.",Calificación 1 de 5,0
08 nov. 2023,Excelente.,Calificación 1 de 5,0
11 sep. 2023,El aparato carga hasta 85 *% me lo pueden cambiar?.,Calificación 1 de 5,0
07 jun. 2023,No tiene huella digitales.,Calificación 1 de 5,0
13 may. 2023,No puedo evaluarlo porque lo devolví porque me equivoqué de gb.,Calificación 1 de 5,1
18 jun. 2023,No no me trago los audicular.,Calificación 1 de 5,0
07 ago. 2023,"La verdad me decepcionó, no lo recomendaría. Es lento, se tilda seguido, bastante malo me pareció.",Calificación 2 de 5,8
24 oct. 2023,Demaciado lento lo necesitaba para trabajar y no cumplio mis espectativas.,Calificación 2 de 5,2
30 mar. 2024,"Por ahora bien, me lo trajeron hoy. Es medio lento pero era de esperarse. 2 estrellas porque la descripción dice que tiene huella dactilar cuando no tiene.",Calificación 2 de 5,1
02 dic. 2023,"Básico, la batería dura poco.",Calificación 2 de 5,1
20 sep. 2024,No tien huella dactilar.,Calificación 2 de 5,0
19 ago. 2024,No lo volvería a comprar.,Calificación 2 de 5,0
14 ago. 2024,Problemas con la cámara.,Calificación 2 de 5,0
23 jul. 2024,"Tiene 2 gb de ram ""virtuales"".",Calificación 2 de 5,0
13 jul. 2024,El inconveniente es que no tiene ranura para expansión de memoria y cuando migras de uno a otro si tenes muchas app y cosas ya no es tan lindo ni útil.,Calificación 2 de 5,0
25 jun. 2024,Se tilda. Y se pone la pantalla gris. No es lo que esperaba.,Calificación 2 de 5,0
25 jun. 2024,"Malisimo teléfono, quizas por el precio esta bien pero si hubiera sabido que era tan lento me hubiera quedado con mi viejo k50.",Calificación 2 de 5,0
20 jun. 2024,No me parece muy distinto al modelo anterior. Creo que solo cambia el almacenamiento.,Calificación 2 de 5,0
18 jun. 2024,"Anda un poco lento , esperaba algo mejor.",Calificación 2 de 5,0
09 jun. 2024,No tiene detector de huella mal ahi.,Calificación 2 de 5,0
28 may. 2024,Fue un regalo y el dueño no me ha dicho nada todavia. Solo gracias.,Calificación 2 de 5,0
01 may. 2024,El tactil es malo.,Calificación 2 de 5,0
01 may. 2024,Es lo que hay.,Calificación 2 de 5,0
11 abr. 2024,No tiene huella.,Calificación 2 de 5,0
10 abr. 2024,Es muy lento para ser nuevo. La cámara es pésima. Muy baja calidad.,Calificación 2 de 5,0
06 abr. 2024,En la descripción se menciona que trae desbloqueo con huella digital y no es así.,Calificación 2 de 5,0
03 abr. 2024,Regular. Tiene fallas y hace menos de un mes que lo tenemos. Se tilda. Falla el táctil.,Calificación 2 de 5,0
02 abr. 2024,"No tiene huella digital, la cámara no me gusta tanto, pero ya lindo el cel.",Calificación 2 de 5,0
12 mar. 2024,En marzo dejó de funcionar.,Calificación 2 de 5,0
11 mar. 2024,No es malo pero muy lerdo para cargar y aguanta poco la batería eso le veo de malo.,Calificación 2 de 5,0
11 feb. 2024,Poco lento el resto genial.,Calificación 2 de 5,0
26 ene. 2024,"Me quedo sin wassapp fuera de mi casa, teniendo los datos móviles co ec5ados realmente me siento decepcionado, ya que algunas funciones me quedan sin funcionar.",Calificación 2 de 5,0
22 ene. 2024,Mall poquísima memoria se rompió antes del año.,Calificación 2 de 5,0
16 ene. 2024,Lo tuve q devolver xq calentaba la batería a los 5 minutos q lo conecte.,Calificación 2 de 5,0
14 nov. 2023,La batería se agota sola.,Calificación 2 de 5,0
03 nov. 2023,"Bastante pedorrito el celu. Sobretodo esperaba una ""buena"" cámara de fotos, pero son peores que las de mi teléfono anterior. Muy baja calidad.",Calificación 2 de 5,0
19 oct. 2023,"Buen telefono. Lastima la pantalla,es opaca. Oscura.",Calificación 2 de 5,0
12 oct. 2023,"Malísimo el celu, pensé q por las características iba a ser mejor, pero la batería no le dura, es lento, tarda una eternidad en pasas de una app a otra y para colmo se tilda mucho y hay q reiniciarlo.",Calificación 2 de 5,0
20 ago. 2023,Se me romio por un defecto de fabrica.,Calificación 2 de 5,0
13 ago. 2023,"La verdad que este telefono es una decepción por ser samsung, tuve otros samsung medio pelo y todos funcionaban bien, pero este es de cuarta honestamente. La velocidad de repuesta es pésima, se traba y se glichea todo al usarlo. Las aplicaciones dependiendo de cuales sean tardan un monton en abrir tambien. La pantalla a la primera caída que tuvo se despedazo. Lo único decente es que tiene una camara buena para lo que es, pero todo lo demas es malo. Si lo vas a comprar para salir del apuro (como me paso ami) y no queres gastar de mas, por ahí te conviene. Pero yo buscaria algo mejor por el mismo precio sin fijarme en la marca.",Calificación 2 de 5,0
06 ago. 2023,El producto a mostrado muchas fallas.,Calificación 2 de 5,0
22 jul. 2023,Rari. Anda muy lento.,Calificación 2 de 5,0
29 jun. 2023,Producto de samsung gama baja. Lo malo es que no tiene huella digital. Camaras de mediana calidad. Bateria con buen rendimiento. Desenpeño maso si lo apuras se tilda 2 horas en cargar tarda.,Calificación 2 de 5,0
03 jun. 2023,"El celular pór el precio es bueno, pero la bateria no es buena.",Calificación 2 de 5,0
28 may. 2023,"El sonido que graba de lejos, muy malo, pero de cerca tiene buena calidad. Los videos salen entrecorados, inferior calidad a otros modelos de samsung más antiguos. La cámara deja mucho que desear.",Calificación 2 de 5,0
20 may. 2023,La batería del celular se descarga muy rápido no dura mucho.,Calificación 2 de 5,0
15 may. 2023,Por el precio no se puede pedir grandes cosas pero es medio pelo!!!.,Calificación 2 de 5,0
12 may. 2023,"Nunca funcionó correctamente, en funciones básicas. Finalmente se ""despegó"" y desarmó. , tuve que pegarlo con una cinta. Debería haberlo devuelto, pero no lo hice, esperando que se arregle. Hoy ya no lo uso. Tal vez no sea el modelo, tal vez haya sido ese teléfono, pero fue una mala compra.",Calificación 2 de 5,0
11 may. 2023,"Malísimo, se tilda cada tanto.",Calificación 2 de 5,0
08 may. 2023,"No es lo que esperaba,pero zafa.",Calificación 2 de 5,0
04 may. 2023,No tiene ariculares.,Calificación 2 de 5,0
12 abr. 2023,No tiene smart wiew para transmitir pantalla ni huella dactilar por unos pesos más tendría acceso.,Calificación 2 de 5,0
08 abr. 2023,"Muy lerdo. Y muy poca memoria, se te llena a cada rato y empieza a andar lento.",Calificación 2 de 5,0
04 abr. 2023,Hola el problema q tinbla.,Calificación 2 de 5,0
16 dic. 2022,El celu es liviano y esteticamente lindo. Puntos en contra. Tarda demasiado en cargar y eso q es carga rapida. La calidad de imagen es buena pero el microfono va para atraz los audios en los videos saturan mucho. Recomiendo juntar poco mas dinero y optar por una mejor gama.,Calificación 3 de 5,43
11 ene. 2023,Tiene l problema de q aveces no toma m bloqueo después del uso lo dejas y cuando lo tomas nuevamente no está bloqueado.,Calificación 3 de 5,8
25 oct. 2023,La carga dura muy poco. Cuando está en carga se enciende la pantalla y un mensaje. No pude desactivar ese mensaje.,Calificación 3 de 5,3
07 oct. 2023,"Funciona, pero es un aparato que en 4 a 5 años cuidandolo mucho hay que volverlo a cambiar. Digamos que el precio es excesivo por la durabilidad que tendra. Cada vez los hacen más descartables. Si bien es un mal necesario deberian pensar en crearlos con una mentalidad mas sustentable y sostenible.",Calificación 3 de 5,4
25 ago. 2023,"Muy buen producto, lastima que le faltan funciones para habilitarlo con windows enlace móvil en la pc. Como ver las aplicaciones y la pantalla del celular en la pc además de no tener magnetómetro lo que significa que no puede tener una brújula!!.",Calificación 3 de 5,2
15 ago. 2023,"Pagas por lo que es, insatisfecho.",Calificación 3 de 5,2
13 jun. 2023,Mi producto demora a cargar la batería.,Calificación 3 de 5,2
29 mar. 2023,Por el tiempo de uso que tengo tiene cierta estabilidad pero no me gusto mucho la duracion de la bateria y calienta un poco yo no juego juegos no le meto aplicaciones a lo loco es mas elimine vs que tenia y no uso en los diagnostico de la aplicacion me recomienda que valla a un centro tecnico para ver de la bateria. Pero aca donde vivo no hay. Pero todo lo demas esta muy bien.,Calificación 3 de 5,2
02 ene. 2023,Completo aunque de desempeño discreto. Acorde al precio. El resto: samsung. Todo funciona bien.,Calificación 3 de 5,2
27 mar. 2024,Lento como una tortuga. Para que prensa tenes que esperar 2 minutos aproximadamente. La cámara es de baja calidad y no tiene nfc. Lo unico bueno es que para apagar el equipo te pide contraseña.,Calificación 3 de 5,1
01 feb. 2024,"Es bastante lento. Yo antes tenía un j7, y estaba bastante contento con su relación precio/calidad. Pensé que este sería algo similar pero más moderno, pero fue un poco decepcionante. Se siente lenta la interacción. Anda, es usable, pero creo que lo voy a cambiar antes de lo previsto.",Calificación 3 de 5,1
25 ene. 2024,Mejor es el m12 que tenia.,Calificación 3 de 5,1
27 oct. 2023,No funciona con buena velocidad para tener 4 gb de ram es demasiado lento no lo recomiendo.,Calificación 3 de 5,1
17 sep. 2023,Maomeno nomá. Es nuevo y ya se tilda con algunas apps. Se supone que tiene buen procesador pero es medio lento 🤷🏻‍♀️.,Calificación 3 de 5,1
24 ago. 2023,Zafa.,Calificación 3 de 5,1
28 jul. 2023,"El teléfono es sencillo y un poquito lento, pero por el precio (58k 07/2023) no está mal.",Calificación 3 de 5,1
12 may. 2023,"Funcionando sin ningun problema , calidad acorde al precio.",Calificación 3 de 5,1
26 feb. 2023,Calidad precio acorde.,Calificación 3 de 5,1
06 ene. 2023,Acorde al precio muy buena la bateria para adolecentes un espectaculo.,Calificación 3 de 5,1
03 oct. 2024,Muy bueno.,Calificación 3 de 5,0
22 sep. 2024,Está bien a mi hijo le sirvio.,Calificación 3 de 5,0
15 sep. 2024,Falta nfc.,Calificación 3 de 5,0
08 sep. 2024,"Lerdo, y la bateria dura muy poco, lo compré porque ese dia estaba de oferta, pero prefiero mil veces en gama baja un tcl, mucha mejores prestaciones al mismo o menor precio.",Calificación 3 de 5,0
15 ago. 2024,"El teléfono es una torta. Ultra lento. Samsung hace esto para que compren modelos gama s. Hasta un s7 de hace 5 años funciona más rápido y no se laguea. No lo recomiendo a menos q lo uses solo para atender llamadas. Olvídate de ver videos, usar el gps o netflix. Es una torta mal.",Calificación 3 de 5,0
08 ago. 2024,"Le falta ram, se tilda con facilidad, a veces lis videos se traban momentáneamente.",Calificación 3 de 5,0
05 ago. 2024,Es un teléfono funcional.,Calificación 3 de 5,0
02 ago. 2024,"Hasta ahora anda más o menos, veremos. Más adelante que resultados da.",Calificación 3 de 5,0
28 jul. 2024,Safa.,Calificación 3 de 5,0
22 jul. 2024,No estoy conforme de como funciona.,Calificación 3 de 5,0
22 jul. 2024,"Es un celular basico, no se le puede pedir mas por el procesador que trae y la memoria ram. Descubrí que hay mejores y mas económicos.",Calificación 3 de 5,0
17 jul. 2024,Sistema operativo malo pero es por esperar por el precio.,Calificación 3 de 5,0
16 jul. 2024,Muy antiguo ni huella tiene. Básico mal.,Calificación 3 de 5,0
14 jul. 2024,"Batería poca duración, mala.",Calificación 3 de 5,0
14 jul. 2024,"Recién lo estoy usando, veremos que tal es con el uso.",Calificación 3 de 5,0
08 jul. 2024,Gracias.,Calificación 3 de 5,0
03 jul. 2024,Excelente relacion precio/calidad. Buen telefono para adolescente o adulto mayor.,Calificación 3 de 5,0
02 jul. 2024,Sirvió.,Calificación 3 de 5,0
29 jun. 2024,Maso.,Calificación 3 de 5,0
28 jun. 2024,El producto en sí por el precio no es malo pero tiene un procesador muy parecido al de los xiaomi viejos y por esa razón le pongo 3 estrellas ya que es medio mediocre su velocidad en cuanto a funcionamiento.,Calificación 3 de 5,0
26 jun. 2024,Buen producto precio calidad lo recomiendo.,Calificación 3 de 5,0
15 jun. 2024,"Hla, cm verán, el vidrio táctil touch, inexplicablemente se me quedó de esa manera, x lo visto es muy censible (ordinario), y lo fundamento xque anteriormente tenía un samsung j7 neo, y lo tuve x más de 7 años y nunca tuve drama, sólo cambié una vez la batería, y éste, hace un mes que me lo compré y quedó así, espero qué no comience a correr él líquido de la pantalla xque allí sí quedaría inutilizable.",Calificación 3 de 5,0
08 jun. 2024,"Medio pelo. Se lo regalé a mi vieja pero tiene poca memoria. Fotos malas y poca duración de batería. Sólo una duda: ¿cómo podés descender de local, con ventaja deportiva y encima perder fuego tu estadio? riber dejaste de existir en el 2011. Ex club.",Calificación 3 de 5,0
05 jun. 2024,"El producto vino con algunas fallas en el táctil, pequeños detalles pero el funcionamiento no es el mejor para ser sincero.",Calificación 3 de 5,0
29 may. 2024,Bueno.,Calificación 3 de 5,0
22 may. 2024,Muy lento.,Calificación 3 de 5,0
16 may. 2024,Por el precio esta bien. Ni es un reeee celular. Sirve para whatsapp y esas cosas.,Calificación 3 de 5,0
11 may. 2024,"La verdad que es un celular demasiado baja gama y por el precio hay opciones mejores. Súper lento, cámara de muy baja resolución.",Calificación 3 de 5,0
10 may. 2024,Es un buen producto. Hasta ahora todo bien.,Calificación 3 de 5,0
10 may. 2024,Bueno.,Calificación 3 de 5,0
05 may. 2024,No tiene lector de huella digital.,Calificación 3 de 5,0
02 may. 2024,"Es malo en comparación a otros en el mismo rango de precio. A ver. Si no usas nada más que el celular para whatsapp y abrir redes sociales no pasa nada. Si es por la cáma no , si es para jugar juegos hay mejores al mismo precio. La bateria a mi me dura 1 dia.",Calificación 3 de 5,0
30 abr. 2024,Lo compre en 3 cuotas y me descontó dos juntas el mismo mes- estafa.,Calificación 3 de 5,0
24 abr. 2024,Bien. Con características publicitadas.,Calificación 3 de 5,0
23 abr. 2024,Telefono modesto economivo como para un niño.,Calificación 3 de 5,0
16 abr. 2024,Volumen de parlante muy bajo( más allá de tenerlo al tope) y tarda muchísimo tiempo en cargar la bateria.,Calificación 3 de 5,0
15 abr. 2024,Muy bueno.,Calificación 3 de 5,0
13 abr. 2024,"Zafa, no es malo, tampoco bueno.",Calificación 3 de 5,0
06 abr. 2024,"Lo compré para mi pa. No le gustó, dice que se tilda de la nada y en algunas aplicaciones se pone lento o se sale de ellas. Venia de un motorola g13 y no tenía estos inconvenientes.",Calificación 3 de 5,0
03 abr. 2024,Aun no estoy muy conforme. Aveces se tilda.,Calificación 3 de 5,0
01 abr. 2024,Por el momento ningún problema. Lo tengo hace una semana 😌😊.,Calificación 3 de 5,0
26 mar. 2024,Es bastante lento pero es barato.,Calificación 3 de 5,0
26 mar. 2024,"Entre lo más económico se detalla la calidad de las fotos, la batería parece estar agotada, acaba bastante más rápido que otro equipo del mismo modelo.",Calificación 3 de 5,0
06 mar. 2024,"Me hace extrañar demasiado mi viejo tcl. La cámara en casi todas sus funciones es mala, el zoom es de gusto porque se nubla toda la imagen, no tiene funciones prácticas como el grabado (video) de pantalla o sacar capturas deslizando 3 dedos hacia abajo sobre la pantalla. La batería tarda mucho en cargarse y dura poco. Se lo voy a regalar a mi nena 🫤🤷🏼‍♀️.",Calificación 3 de 5,0
05 mar. 2024,"Muy buen equipo más la capacidad de almacenamiento y definición de la cámara, celular promedio de buena prestación.",Calificación 3 de 5,0
05 mar. 2024,El celular no retiene la carga y siempre denuncia sobrecalentamiento. Voy a llevarlo a un técnico. Ojalá tenga solución.,Calificación 3 de 5,0
01 mar. 2024,Baja calidad.,Calificación 3 de 5,0
20 feb. 2024,"Buen producto, lo compramos para los usos esenciales, pero funciona a la perfección. Gracias.",Calificación 3 de 5,0
18 feb. 2024,Bien.,Calificación 3 de 5,0
15 feb. 2024,Simple. Caro para lo que es hoy en día 64gb.,Calificación 3 de 5,0
13 feb. 2024,La batería carga hasta 85% y la cámara muy mala.,Calificación 3 de 5,0
08 feb. 2024,"Carece de nfc lo cual es bastante problemáticohoy en día. Y falla bastante el volumen, que se sube solo aún manteniendo presionado para silencio o bajo.",Calificación 3 de 5,0
02 feb. 2024,Por ahora va todo bien. Producto sencillo y lindo.,Calificación 3 de 5,0
02 feb. 2024,"El celu se calienta a la 15 minutos, use medio de brillo y se baja a las 5 horas la batería. Si sigue así lo voy a tener q devolver. ! q mala inversión.",Calificación 3 de 5,0
23 ene. 2024,No tiene mucha memoria pero safa.,Calificación 3 de 5,0
17 ene. 2024,No trae chip.,Calificación 3 de 5,0
09 ene. 2024,"Uno de los más baratos del mercado, tampoco puedo tener tantas pretenciones.",Calificación 3 de 5,0
08 ene. 2024,Bueno.,Calificación 3 de 5,0
03 ene. 2024,Calidad de acuerdo al precio.,Calificación 3 de 5,0
02 ene. 2024,Bueno.,Calificación 3 de 5,0
27 dic. 2023,"Medio pelo, para abajo.",Calificación 3 de 5,0
22 dic. 2023,Resulto muy bueno.,Calificación 3 de 5,0
20 dic. 2023,"Por la confianza que el usuario deposita en samsumg lo compra, pero realmentes a lo que respecta a la calidad se queda corto. Anda pero no conforta.",Calificación 3 de 5,0
18 dic. 2023,El diseño es bonito. La cámara podría ser mejor. Gracias.,Calificación 3 de 5,0
17 dic. 2023,No estoy del todo satisfecha.,Calificación 3 de 5,0
17 dic. 2023,Lo compre hace un mes cuando salía literal la mitad. Ese precio si lo valía osea lo pague 97mil pesos. En ese momento si podía decir que era adecuado precio-calidad. Ahora vi el nuevo precio y quede o. O.,Calificación 3 de 5,0
15 dic. 2023,Hay otras opciones por menos precio que tienen menos hardware y funcionan igual o mejor la capa de samsung ocupan mucha ram.,Calificación 3 de 5,0
15 dic. 2023,"No es de lo mejor si sos una persona que trabaja con las fotos,memoria y velocidad del celular. Es muy basico, practicamente para fotos en exteriores y pocas aplicaciones. Me lo compre para zafar pero no me sirvio para las exigencias que le doy. Hasta un galaxy prime se la bancaba mas y sacaba mejores fotos. Consejo : siempre chequeen que la resolucion de pantalla sea alta. No importa cuantos pixeles diga que tiene la camara, lo que define todo es la resolucion de pantalla. La bateria si duraba muchisimo pero era porque mucho no habia para hacer con el pobre celular. En fin.",Calificación 3 de 5,0
07 dic. 2023,Pasable.,Calificación 3 de 5,0
30 nov. 2023,Todo bien.,Calificación 3 de 5,0
30 nov. 2023,No se puede pedir más por lo poco que vale.,Calificación 3 de 5,0
29 nov. 2023,"Bien. Cumple con lo de un celular inicio de gama. No tiene la velocidad de un s22+ pero para el uso que le doy está bien relación precio, producto. Tarda una banda en encender!.",Calificación 3 de 5,0
26 nov. 2023,Acorde precio calidad.,Calificación 3 de 5,0
24 nov. 2023,El cargador no resultó ser eficiente ya que al intentar cargar el tiempo fue de 8 a diez horas enchufado. Por lo que recurrí a otro cargador samsung y se redujo a una hora para el 100% de carga.,Calificación 3 de 5,0
21 nov. 2023,"Un equipo acorde al precio. Dos contras tarda bastante en cargar bateria aunque le ponga un cargador full y el volumen no es bueno , sobre todo a la hora de viajar en bondi con auriculares, no puedo llegar a escuchar bien la música y los msj.",Calificación 3 de 5,0
14 nov. 2023,Al decir verdad es un teléfono muy básico y en ciertas ocasiones muy lento. El precio lo dice todo.,Calificación 3 de 5,0
08 nov. 2023,Para ser un telefono basico anda muy bien.,Calificación 3 de 5,0
07 nov. 2023,"Bueno, yo tengo un j7 prime, y es distinto, sigo usando el j7 , no se si es o no superior uno u otro, el j7 me encanta.",Calificación 3 de 5,0
07 nov. 2023,Realmente no sé cómo va a salir. Ayer lo puse a cargar por primera vez y tardo un montón y calentó demasiado. Que se yo.,Calificación 3 de 5,0
29 oct. 2023,Era lo que esperaba muy bueno.,Calificación 3 de 5,0
26 oct. 2023,En celular es muy lindo. Lo único que no me gusta es el sonido.,Calificación 3 de 5,0
24 oct. 2023,Bien relación calidad precio.,Calificación 3 de 5,0
22 oct. 2023,Sin desmerecerlo prefiero motorola.,Calificación 3 de 5,0
22 oct. 2023,Aceptable por el precio.,Calificación 3 de 5,0
14 oct. 2023,"Es básico, pero para salir de apuro está bien,.",Calificación 3 de 5,0
13 oct. 2023,Zafa.,Calificación 3 de 5,0
12 oct. 2023,Aveces estas escuchando un audio y se tilda.,Calificación 3 de 5,0
08 oct. 2023,Una estafa. Nuevos enchufes y usb. No sirven los cargadores anteriores. Ojo al comprar.,Calificación 3 de 5,0
07 oct. 2023,Creo que esta bien.,Calificación 3 de 5,0
05 oct. 2023,"Es muy pronto para recomendar,x el momento bien.",Calificación 3 de 5,0
05 oct. 2023,Para estar casi a mitad d precio por las oferta cumple.,Calificación 3 de 5,0
02 oct. 2023,"Se lo compre para mi sobrino , no trajo protector pero si cargador.",Calificación 3 de 5,0
02 oct. 2023,Cumple con mis espectativas.,Calificación 3 de 5,0
28 sep. 2023,Es lo que esperaba.,Calificación 3 de 5,0
21 sep. 2023,Es un poco lento.,Calificación 3 de 5,0
13 sep. 2023,"Muy bueno, es para mi hija y esta muy contenta!!!.",Calificación 3 de 5,0
05 sep. 2023,Un celular android economico y funcional. No es para jugar ultra jueguitos ni nada q se le parezca pero para ver videos y hacer llamadas ok.,Calificación 3 de 5,0
05 sep. 2023,No entiendo de celulares lo compré solo por que necesitaba uno. Me sirve.,Calificación 3 de 5,0
03 sep. 2023,Me producto es como lo había pensado estoy chocha.,Calificación 3 de 5,0
02 sep. 2023,"Salvo el sonido de llamada que no se escucha casi nada, el resto del producto es aceptable.",Calificación 3 de 5,0
28 ago. 2023,"Es bueno para el uso que le doy al celular, lo malo es que no trae la función smart view o screnn share, pare duplicar la pantalla en la tv.",Calificación 3 de 5,0
22 ago. 2023,"Para el precio que tiene, es excelente. Necesitaba un celular accesible que funcione decente y cumple con esa función.",Calificación 3 de 5,0
18 ago. 2023,Espectacular.,Calificación 3 de 5,0
18 ago. 2023,Espectacular.,Calificación 3 de 5,0
13 ago. 2023,"Todo re bien pero la cámara deja mucho que desear. Esperaba algo mejor por las características técnicas que decía tener. El resto todo ok, cumple igual que cualquier celu. Pero la cámara una desilusión.",Calificación 3 de 5,0
13 ago. 2023,Bueno.,Calificación 3 de 5,0
28 jul. 2023,👍.,Calificación 3 de 5,0
26 jul. 2023,"Esta bien, es el segundo mas barato de samsung. Por ahora funcina bien.",Calificación 3 de 5,0
24 jul. 2023,Bueno.,Calificación 3 de 5,0
22 jul. 2023,"Es un celular común,,,,,,,,,,,,,,,,,,,,,,,,,,,,,,,,,,,,,,,,,,,,,,,,,,,,,,,,,,,,,,,,,,,,,,,,,,,,,,,,,,,,,,,,,,,,,,,,,,,,,,,,,,,,,,,,,,,,,,,,,,,,,,,,,,,,,,,,,,,,,,,,,,,,,,,,,,,,,,,,,,,,,,,,,,,,,,,,,,,,,,,,,,,,,,,,,,,,,,,,,,,,,,,,,,,,,,,,,,,,,,,,,,,,,,,.",Calificación 3 de 5,0
21 jul. 2023,"Buena cámara, el resto es estándar. Lo compré connun 15% de descuento y ese valor final representa una bastante buena relación precio y calidad.",Calificación 3 de 5,0
20 jul. 2023,"Pensé que la cámara era de mejor calidad, el resto de las prestaciones de celu muy bien.",Calificación 3 de 5,0
18 jul. 2023,Imagen no muy clara. No responde a la flechita de retorno.,Calificación 3 de 5,0
18 jul. 2023,"Posee buena memoria, la cámara me desilusionó, pensé que samsung tenía una buena cámara.",Calificación 3 de 5,0
16 jul. 2023,La verdad no me gustó. Trate de cambiarlo yno pude según ellos lo deje bloqueado 🤔yo no lo volvería a comprar !.,Calificación 3 de 5,0
11 jul. 2023,Vino fallado el cargador.,Calificación 3 de 5,0
11 jul. 2023,"Esperaba algo mejor, por lo menos con huella pero bueno para safar y osea un uso promedio tirando para abajo va muy bien.",Calificación 3 de 5,0
04 jul. 2023,No se muchobde celulares pero para mi es como que tarda mucho cuando tocas la pantalla para realizar la acción.,Calificación 3 de 5,0
02 jul. 2023,No es un teléfono ágil ni rápido si tenes más de dos app abiertas es super lento. Las cámaras no son nítidas y no logra hacer enfoque rápido.,Calificación 3 de 5,0
01 jul. 2023,Se tilda medio garcha.,Calificación 3 de 5,0
29 jun. 2023,Safa.,Calificación 3 de 5,0
27 jun. 2023,Medio pelo.,Calificación 3 de 5,0
27 jun. 2023,Tiene dificultades para recibir algunas llamadas.,Calificación 3 de 5,0
27 jun. 2023,"Tuve un problema con la forma de pago por parte del comprador! pero bueno! es opcional, el producto está muy bien.",Calificación 3 de 5,0
27 jun. 2023,Muy bueno.,Calificación 3 de 5,0
26 jun. 2023,Alta batata.,Calificación 3 de 5,0
21 jun. 2023,Barbaro.,Calificación 3 de 5,0
17 jun. 2023,Empezó a tener carga lenta al mes ya no carga como al principio.,Calificación 3 de 5,0
16 jun. 2023,"Flojo flojo. Se tilda, no lo recomiendo, por unos pesos puedes comprar algo mejor.",Calificación 3 de 5,0
15 jun. 2023,"Relacion precio calidad esta biennnnnnn, conforme !!!!.",Calificación 3 de 5,0
13 jun. 2023,Esta bueno. Como es nuevo funciona bien.,Calificación 3 de 5,0
13 jun. 2023,Acordé al precio! la cámara deja bastante que desear. La memoria bien y la batería bien !.,Calificación 3 de 5,0
08 jun. 2023,Hay que ver con el transcurso del tiempo.,Calificación 3 de 5,0
03 jun. 2023,Buen producto.,Calificación 3 de 5,0
03 jun. 2023,Buen producto precio calidad.,Calificación 3 de 5,0
02 jun. 2023,"Se lo compre a mi nene, sinceramente se le cayó sin querer y la pantalla se le rajo. No tiene mucha app instaladas, más que el free fire. Para tener 4de ram y algunas app. Medio chomi el rendimiento. La cámara personalmente no me gusta, hay celulares gama baja que tiene mejor calidad. Recomendable para safar si es para un regalo o u uso personal de forma leve, sin tanto exigirle. Pero si tenés unos pesos más, cómprate otro celu.",Calificación 3 de 5,0
01 jun. 2023,Me pareció un buen producto.,Calificación 3 de 5,0
31 may. 2023,Un buen producto.,Calificación 3 de 5,0
30 may. 2023,Zafa bien para un laburante rustico q lo lleva a la contruccion que no requiere mucho cuidado. Va como piña. Y por precio que tiene no pretendas q vuele. Lo normal tranqui. Safa. Si queres mas maquina pensa en 150 lucas.,Calificación 3 de 5,0
24 may. 2023,La relación costó-calidad es aceptable.,Calificación 3 de 5,0
22 may. 2023,Todavia no lo uso y no puedo dar una opinion.,Calificación 3 de 5,0
16 may. 2023,Estoy probando todavía.,Calificación 3 de 5,0
10 may. 2023,De buen precio y calidad.,Calificación 3 de 5,0
08 may. 2023,Equipo bueno en precio calidad. Básico y de buen funcionamiento.,Calificación 3 de 5,0
08 may. 2023,Buen producto relación precio calidad.,Calificación 3 de 5,0
20 mar. 2023,"Tengo un galaxy j4 es mucho mejor más ágil, versátil este a04. Es lento y deja mucho que desear. Me arrepentí d la compra.",Calificación 3 de 5,0
16 mar. 2023,Cumplió con mis expectativas por el precio del equipo.,Calificación 3 de 5,0
03 mar. 2023,"Ni muy muy ni tan tan, debería tener un poquito mejor cámara lo demás bastante bien.",Calificación 3 de 5,0
23 feb. 2023,No me parece bueno se calienta y termina rápido la bateria.,Calificación 3 de 5,0
18 feb. 2023,Recalienta la batería no tiene tanta buena resolución.,Calificación 3 de 5,0
18 ene. 2023,Es lo que me esperaba.,Calificación 3 de 5,0
12 ene. 2023,"Me gustaría q dure un poco más la batería. Se traba la pantalla, ya no funciona el pin de carga, el cargador ya lo tuve q cambiar😔.",Calificación 3 de 5,0
21 feb. 2023,"Qkejduzbzb,,n kjhzhzjk.",Calificación 3 de 5,6
28 ene. 2024,Bien. Solo eso.,Calificación 3 de 5,0
24 ene. 2024,Lo único que tiene un procesador viejo de muy poca duración y buen lo hicieron para que dure uno 4 p 5 años más no.,Calificación 3 de 5,0
15 may. 2023,Podrian haber agregado audiculares.,Calificación 3 de 5,0
13 may. 2023,No cubre las expectativas esperadas.,Calificación 3 de 5,0
06 may. 2023,Para ser un equipo de 4gb es lento.,Calificación 3 de 5,0
02 may. 2023,"Compre 2 unidades una no recibía carga no es una queja de el producto en sí. Sino de mercado libre en sí, ya que me hicieron devolver las dos unidades y me devolvieron el dinero para volver a comprar pero ya no pude por que el precio se disparó. Lo justo hubiera sido que devuelva el que no funcionaba y me manden otro y punto. Pero la política no es así según los que me atendieron así que me quedé sin celulares. Una lástima.",Calificación 3 de 5,0
27 abr. 2023,Bien.,Calificación 3 de 5,0
25 abr. 2023,Bueno.,Calificación 3 de 5,0
04 abr. 2023,No es muy diferente al a01 que tenia. Es un poco más rápido y tiene más capacidad de almacenamiento.,Calificación 3 de 5,0
03 abr. 2023,Bueno le faltas memoria ran.,Calificación 3 de 5,0
26 mar. 2023,Es un celular medio pelo. Cumple sus funciones bien pero sin dudas hay mejores. Es acorde al precio.,Calificación 3 de 5,0
28 feb. 2023,Podria ser mejor.,Calificación 3 de 5,0
31 ene. 2023,Muy baja para estos tiempos.,Calificación 3 de 5,0
15 ene. 2023,"Extraño el lector de huella, pero el reconocimiento facial lo hace zafar. La cámara es horrible. Hay que hacer un curso para sacar buenas fotos, y aun así no son buenas. Me queda estudiar el modo ""pro"", ya que el tema brillo es una porquería. Y usándolo para leer qr, si hay mucha claridad, no hace foco nunca y no hay chance de modificar nada por ejemplo en mp. El resto por ahora bien.",Calificación 3 de 5,8
20 may. 2023,No es un telefono para la tercera edad. De entrada hay que poner clave para que se inicie y es muy complicado. No me gusto.,Calificación 3 de 5,0
03 mar. 2023,"Muy buen producto. Opción 64g flash / 4g ram. Viene en caja cerrada. Incluye cargador, cable usb-c y manual. Lo malo es que no tiene reconocimiento dactilar.",Calificación 4 de 5,72
07 oct. 2023,"El celular anda de joya, lo unico negativo que le encontre al celular es el procesador o la ram, si bien tiene tiene 4gb de ram, 3793 de ram para ser espesifico, 8 nucleos y 50 gb de memoria, he provado juegos y la verdad no tiene muy buen rendimiento, yo tenia un moto e6 de 2 gb de ram y basicamente el rendimiento era muy parecido con solo un poco de diferencia, pero todo lo demas esta perfecto, es un buen celu, es bastante rapido y lo que mas me gusto fue su parlante, tiene un muy buen parlante.",Calificación 4 de 5,38
17 ene. 2023,"Excelente producto muy buena calidad! lo compré para mí hija y no tiene ningún problema, es rápido y práctico para bajar app y juegos, además de la calidad de audio y sonido. Lo que más gusta y estamos contento con la duración de su batería, le doy un 10. Lo recomiendo.",Calificación 4 de 5,38
20 abr. 2023,Muy buen celular pero la batería dura poco.,Calificación 4 de 5,34
26 abr. 2023,Muy buen teléfono fácil de usar y muy económico para todo lo que brinda!!.,Calificación 4 de 5,24
05 jul. 2023,"Se lo compramos para mamá y quedó muy contenta. Pantalla grande para los chicatos, facil de usar y buena memoria para que siga descargando todas las fotos de todos los grupos habidos y por haber. Modelo facil de conseguir funda que no es cosa menor.",Calificación 4 de 5,15
06 ene. 2023,"Bueno ni bien ni mal, yo compré para mi mama y ella solo mira noticias o series osea no le da un uso intenso, anda normal ni muy rapido ni muy lento sirve para lo justo y necesario.",Calificación 4 de 5,10
06 ene. 2023,Lo regalé y resultó ser el móvil ideal para mi nieta!! no le da respiro!!.,Calificación 4 de 5,9
04 may. 2023,"Es una adquisición muy reciente pero hasta ahora nada de que quejarme, funciona perfecto y espero que siga asi,buena calidad de fotos,es rápida en cuanto al táctil,buen producto,si hay algo negativo es que no puedo conectarlo con mi tv,o tiene la conexión y no lo encuentro. Fuera de eso,me gusta,no le doy 5 estrellas porque como dije lo tengo hace muy poco tiempo.",Calificación 4 de 5,5
03 ene. 2023,"Se calienta cuando lo usas, pero se enfría rápido y no se tilda. Excelente cámara. Recomendable.",Calificación 4 de 5,6
24 abr. 2023,"Este modelo está acorde con el precio, yo no ne di cuenta al comprarlo que no tiene huella digital y eso me complica cada vez que lo uso con el desbloqueo que es x pin. El resto todo bien.",Calificación 4 de 5,3
11 ago. 2023,"Es menos de lo que esperaba. Para redes sociales, whatsapp y cosas así va bien.",Calificación 4 de 5,2
01 ago. 2023,"Me parece un celu con unas buenas prestaciones a un bajo costo. La cámara es bastante buena. Es un celu para iniciarse en el mundo de la tecnología. La pantalla se ve muy bien y la batería dura 2 días(obvio siempre dependiendo del uso). Es rápido(4gb de ram) y con memoria de 64gb, que para el uso que se le dá, sobra. En definición, está bueno. Acordé a su precio.",Calificación 4 de 5,2
05 ene. 2023,En mi caso para el tipo de uso que le doy es muy bueno soy una persona mayor.,Calificación 4 de 5,2
19 dic. 2022,"Es bastante bueno para el precio economico , es barbaro , la batería dura mucho. Es un celular econonico bueno.",Calificación 4 de 5,5
13 dic. 2022,"No tiene medidas de seguridad, solo patron, o contraseña.",Calificación 4 de 5,5
01 mar. 2024,"Deben sacar de la descripcion que posee huella dactilar. Solo trae reconocimiento facial, por lo demas, anda muy bien.",Calificación 4 de 5,1
20 feb. 2024,No tiene para huella.,Calificación 4 de 5,1
09 ene. 2023,Estoy usandolo. Ningun problema ! hasta ahora de 10 !!.,Calificación 4 de 5,1
03 ene. 2023,Muy buen celu lo compre para mi hijo para unos juegos y resultó bueno.,Calificación 4 de 5,1
29 dic. 2022,En relación al precio calidad perfecto lo compré para mí hija y hasta el momento anda muy bien.,Calificación 4 de 5,1
04 may. 2023,"Por el precio está más que bien. Primer celu no heredado para mí hija. Para lo que lo usa, fotos, mensajes y redes está perfecto.",Calificación 4 de 5,1
24 abr. 2023,Demasiado por el precio del celular.,Calificación 4 de 5,1
15 ene. 2023,"Muchas aplicaciones samsung, el backups es mediante samsung, la galería de fotos es mediante onw dfive y no deja elegir otra opción. No sie pre responde al tuch de la. Pantalla.",Calificación 4 de 5,1
16 may. 2024,Buenisimo.,Calificación 4 de 5,0
30 sep. 2024,Bueno.,Calificación 4 de 5,0
27 sep. 2024,Rre bueno el celu.,Calificación 4 de 5,0
26 sep. 2024,Aceptable.,Calificación 4 de 5,0
26 sep. 2024,"Muy bueno , precio calidad 👌.",Calificación 4 de 5,0
25 sep. 2024,Bien.,Calificación 4 de 5,0
25 sep. 2024,Bien.,Calificación 4 de 5,0
22 sep. 2024,Excelente telefono para una abuela que solo mira facebook y usa whatsapp.,Calificación 4 de 5,0
18 sep. 2024,Me pareció bien precio producto. El uso que le daran es sencillo. Cumple las expectativas.,Calificación 4 de 5,0
05 sep. 2024,"Ideal gente grande, sencillo y sin complicaciones.",Calificación 4 de 5,0
05 sep. 2024,Es lo q compre y es lo q yo esperaba.,Calificación 4 de 5,0
05 sep. 2024,Bueno.,Calificación 4 de 5,0
05 sep. 2024,Va muy bien.,Calificación 4 de 5,0
02 sep. 2024,"Buen celular, quizás no funciona lo rápido que debería con 4gb de ram pero tiene buena cámara y dura bien la batería.",Calificación 4 de 5,0
02 sep. 2024,Bueno.,Calificación 4 de 5,0
01 sep. 2024,Cumple su función.,Calificación 4 de 5,0
30 ago. 2024,"Muy buen teléfono, lastima no tiene lector de huella digital. Cámara de fotos de medio pelo.",Calificación 4 de 5,0
28 ago. 2024,No puedo comentar mucho porque todavía no lo activé.,Calificación 4 de 5,0
27 ago. 2024,Bueno.,Calificación 4 de 5,0
27 ago. 2024,Exelente.,Calificación 4 de 5,0
26 ago. 2024,"Yo encargue ese pq era el mas economico y conocido siempre he tenido samsumg pero el anterior tubo problema en el tactil, espero este no le pase lo mismo. Para mi es practico y bonito.",Calificación 4 de 5,0
25 ago. 2024,Es un celular gama media baja.,Calificación 4 de 5,0
21 ago. 2024,Me gusto.,Calificación 4 de 5,0
20 ago. 2024,"Excelente producto súper conforme con todo, la cámara apesar que no la uso mucho pero si es espectacular muy buenas imágenes y es bastante rápido hasta el momento, simplemente le baje una estrella porque para mí gusto lo único que le falta que es exageradamente cómodo y práctico es la huella dactilar pero como dije para mí gusto y uso. En general. 9 pts. ! ok. !.",Calificación 4 de 5,0
19 ago. 2024,"Obsoleto, pero para un niño sobra.",Calificación 4 de 5,0
19 ago. 2024,"Buen precio, lo recomiendo.",Calificación 4 de 5,0
16 ago. 2024,"Por un buen precio, un excelente teléfono.",Calificación 4 de 5,0
16 ago. 2024,Bien.,Calificación 4 de 5,0
14 ago. 2024,Hermoso producto.,Calificación 4 de 5,0
12 ago. 2024,"Interesante, producto acorde al precio y de calidad aceptable. Cumple con las especificaciones brindadas y hasta ahora la funcionalidad es acorde.",Calificación 4 de 5,0
11 ago. 2024,Muy buen celular.,Calificación 4 de 5,0
11 ago. 2024,Muy burn celular.,Calificación 4 de 5,0
05 ago. 2024,Muy buena calidad y resistente.,Calificación 4 de 5,0
04 ago. 2024,Bueno.,Calificación 4 de 5,0
04 ago. 2024,Cumple su función.,Calificación 4 de 5,0
01 ago. 2024,"Bueno, es celu gama media, para lo que es, le damos un 8.",Calificación 4 de 5,0
01 ago. 2024,Es lo esperado.,Calificación 4 de 5,0
30 jul. 2024,Hasta ahora funciona bien 😊.,Calificación 4 de 5,0
29 jul. 2024,"Por el momento va bien, salvo que la batería dura un día de uso relativamente normal por lo que hay que cargarlo todos los días, si te lo agarra tu hijo con los jueguitos dura un par de horas nomas. El cable del cargador da la sensación de ser de mala calidad.",Calificación 4 de 5,0
29 jul. 2024,Es un buen producto.,Calificación 4 de 5,0
27 jul. 2024,"Muy bueno, para los no demasiado exigentes.",Calificación 4 de 5,0
27 jul. 2024,"Excelente producto, muy buena calidad en fotos y anda bien en lo cuanto interesa que el celular en si.",Calificación 4 de 5,0
26 jul. 2024,"Buen celu, gracias!.",Calificación 4 de 5,0
23 jul. 2024,Excelente producto y muy buena compra.,Calificación 4 de 5,0
22 jul. 2024,Lo mas barato de lo bueno.,Calificación 4 de 5,0
22 jul. 2024,Muy bueno. Todo ok.,Calificación 4 de 5,0
22 jul. 2024,Bien hasta el momento. Buena relacion precio calidad.,Calificación 4 de 5,0
20 jul. 2024,"Excelente producto, económico y de gran capacidad de almacenamiento!.",Calificación 4 de 5,0
19 jul. 2024,Muy bueno!!!.,Calificación 4 de 5,0
19 jul. 2024,Lindo.,Calificación 4 de 5,0
18 jul. 2024,"Lo mejor, relación precio calidad.",Calificación 4 de 5,0
17 jul. 2024,Conforme hermoso y completo modelo de celular🥰. Buen precio.,Calificación 4 de 5,0
16 jul. 2024,"Considerando que se trata de samsung, le faltan varias cosas, indicadores de luces, las llamadas no se escuchan muy bien, etc.",Calificación 4 de 5,0
15 jul. 2024,"Por lo que sale, es un excelente teléfono, el cargador es bueno y carga rápido.",Calificación 4 de 5,0
15 jul. 2024,Conforme relacion precio- calidad. Es bueno para mi uso. Tiene lo basico que pretendo.,Calificación 4 de 5,0
14 jul. 2024,Bueno en relación al precio.,Calificación 4 de 5,0
11 jul. 2024,"Ya tenía otro samsung a4 me salió muy bueno, este trae mas almacenamiento, es de lo mejorcito de media gama. No tiene nft. Es robusto, la cámara safa bastante, se puede configurar bastante. Por el precio, cuotas. Hay gran variedad de fundas. Todo ok con la compra! trae cargador solamente no trae auriculares!.",Calificación 4 de 5,0
09 jul. 2024,"Por ahora bien. Debo presionar bien la pantalla por el táctil, no lo siento tan sensible. Será q me acostumbré tanto a otro celular que tengo. Lo demás bien.",Calificación 4 de 5,0
09 jul. 2024,Todo muy rapido.,Calificación 4 de 5,0
09 jul. 2024,Muy bueno.,Calificación 4 de 5,0
07 jul. 2024,"Lo compré para regalar y quedé muy bien, le encantó!.",Calificación 4 de 5,0
06 jul. 2024,"Calidad acorde al precio, es muy pronto para opinar sobre la durabilidad xq hace poco q compre pero esperemos siga funcionando bien.",Calificación 4 de 5,0
06 jul. 2024,Acorde al precio.,Calificación 4 de 5,0
05 jul. 2024,Muy bueno. Era lo que esperaba.,Calificación 4 de 5,0
04 jul. 2024,Buen producto.,Calificación 4 de 5,0
02 jul. 2024,"Muy bueno para el uso que le da mi marido es camionero. Llamadas, wahts app y gps, rinde bien.",Calificación 4 de 5,0
01 jul. 2024,Muy buena relación precio calidad.,Calificación 4 de 5,0
01 jul. 2024,Por ahora todo excelente.,Calificación 4 de 5,0
01 jul. 2024,Relación precio calidad aceptable.,Calificación 4 de 5,0
30 jun. 2024,Muy buen celular. Es samsung!!!.,Calificación 4 de 5,0
28 jun. 2024,No es gran cosa pero sirve para todo lo q se necesita para comunicacion y redes.,Calificación 4 de 5,0
28 jun. 2024,"Hasta ahora funciona bien, es lo que esperaba.",Calificación 4 de 5,0
27 jun. 2024,Lindo celular.,Calificación 4 de 5,0
27 jun. 2024,Bastante bien 👍.,Calificación 4 de 5,0
27 jun. 2024,No posee huella dactilar algo que ya todos los teléfonos tienen y es un método de seguridad muy importante para todas las app también y la camara no tiene buena resolución como los demás samsung.,Calificación 4 de 5,0
25 jun. 2024,Muy buen celular.,Calificación 4 de 5,0
25 jun. 2024,"Celular gama baja para redes sociales como facebook, whatsapp, instagram safa pero tiktok no se traba , tengo que instalar ka versión lite de tiktok para q ande bien , juegos olvídate con el juego mobili legends nomas se traba , creo q son nécoras los motorola gamas baja para eso , solo en cámara nomas le gana este a los motorola.",Calificación 4 de 5,0
25 jun. 2024,Es similar a todos los samsung pero con nuevas alternativas. Buena relación precio- calidad y buena capacidad.,Calificación 4 de 5,0
22 jun. 2024,Muy buen producto.,Calificación 4 de 5,0
22 jun. 2024,Muy bueno.,Calificación 4 de 5,0
21 jun. 2024,Nomalito.,Calificación 4 de 5,0
19 jun. 2024,Parece bueno ademas no era para mi y hasta ahora no hay reclamos.,Calificación 4 de 5,0
18 jun. 2024,"Muy bueno, para su precio exelente.",Calificación 4 de 5,0
18 jun. 2024,Uenaxrelacion precio - calidad.,Calificación 4 de 5,0
17 jun. 2024,El único inconveniente es el teclado que tengo que estar corrigiendo las letras pero anda bien.,Calificación 4 de 5,0
16 jun. 2024,"Por el precio es un buen celular, yo particularmente lo compré porque el anterior celular que tenía contaba con la mitad del espacio de este; lo uso más que nada para lo básico (no tengo juegos móviles) y la calidad de la camara es muy buena con los 50m en 3:4.",Calificación 4 de 5,0
16 jun. 2024,Aceptable por el precio.,Calificación 4 de 5,0
14 jun. 2024,Buen producto precio cálidad.,Calificación 4 de 5,0
14 jun. 2024,Tiene los justo y necesarios para el precio que pagué.,Calificación 4 de 5,0
12 jun. 2024,Mi hijo re conforme. Puede bajar juegos y no se traba.,Calificación 4 de 5,0
12 jun. 2024,Excelente lo recomiendo.,Calificación 4 de 5,0
11 jun. 2024,Era lo que necesitaba.,Calificación 4 de 5,0
10 jun. 2024,"Bueno, vamos a ver con poco más de tiempo.",Calificación 4 de 5,0
10 jun. 2024,Muy conforme. Me gusto mucho. Buena cámara. Y economico.,Calificación 4 de 5,0
10 jun. 2024,"Muy bueno, aceptable en precio y calidad.",Calificación 4 de 5,0
10 jun. 2024,Por ahora funsiona perfecto!.,Calificación 4 de 5,0
09 jun. 2024,Muy buen producto.,Calificación 4 de 5,0
08 jun. 2024,"Muy buen aparato, la batería dura menos de 24 horas.",Calificación 4 de 5,0
07 jun. 2024,Bastante completo para el uso q le doy yo a los cel. Hay muchos en el mercado pero este me encanto. A ver cuanto dura. Igual conforme.,Calificación 4 de 5,0
06 jun. 2024,Bien bien pór el precio sin problemas.,Calificación 4 de 5,0
06 jun. 2024,"Muy bueno relación calidad-precio. Lo peor es la cámara, lo mejor es que tiene conector jack. No entiendo porque los supuestos gamma alta actuales no te dejan enchufar auriculares, nefasto. El sensor dactilar en la parte trasera funciona muy bien, mejor que los celulares que lo integran en la pantalla.",Calificación 4 de 5,0
06 jun. 2024,El producto es muy bueno. Lo único que el cable de carga a veces no anda muy bien porque a veces no engancha para cargar.,Calificación 4 de 5,0
05 jun. 2024,Le faltaria el lector de huellas y listo. Lo demás es acorde al precio y funciona bien.,Calificación 4 de 5,0
04 jun. 2024,Buen producto x el precio.,Calificación 4 de 5,0
04 jun. 2024,Buen producto en cuanto su precio.,Calificación 4 de 5,0
03 jun. 2024,"Compré el celular oara mi madre y para el uso que se le da, está muy bien. Por el momento, funciona perfectamente. Recomiendo!.",Calificación 4 de 5,0
02 jun. 2024,Es lo q esperaba de la línea samsung a.,Calificación 4 de 5,0
30 may. 2024,Muy buena opcion.,Calificación 4 de 5,0
30 may. 2024,Recomendado.,Calificación 4 de 5,0
29 may. 2024,"Exelente celular, facil de utilisar.",Calificación 4 de 5,0
28 may. 2024,Bien.,Calificación 4 de 5,0
28 may. 2024,"Muy bueno. Se lo compré a mi mamá, era lo que necesitaba.",Calificación 4 de 5,0
27 may. 2024,Funciona correcto.,Calificación 4 de 5,0
26 may. 2024,Para su precio no está mal.,Calificación 4 de 5,0
26 may. 2024,Aceptable de lo mejor en la gama baja.,Calificación 4 de 5,0
25 may. 2024,Bueno.,Calificación 4 de 5,0
25 may. 2024,Este samsung en principio me duraba tres días la batería y ahora me dura uno y paso solo un mes. La pantalla es demasiado sensible y es difícil escribir.,Calificación 4 de 5,0
24 may. 2024,Stisfecha😊😊.,Calificación 4 de 5,0
22 may. 2024,"Bastante lento para un uso básico, y tampoco es un regalo el precio.",Calificación 4 de 5,0
21 may. 2024,"El celular cumple con las funciones especificas, era para una persona mayor, para el uso básico y sencillo, cumple con sus funciones. Quedó conforme y aún funciona correctamente despues de mas de 6 meses.",Calificación 4 de 5,0
21 may. 2024,"El rendimiento es esperable en la gama del equipo. Util para lo que es uso sencillo de redes y no mucho mas. Considero que por este precio al menos en argentina no hay muchas alternativas. Sinceramente lo compraria unicamente para uso sencillo como telefono para llamadas, whatsapp y redes sociales. Si queres darle un uso mas intensivo este equipo no es para vos. Ventajas:. - duracion de bateria. - brillo de pantalla. - actualizaciones de software. Desventajas:. - bajo rendimiento para uso intensivo. - memoria ram. - falta de lector de huellas.",Calificación 4 de 5,0
21 may. 2024,Buen producto.,Calificación 4 de 5,0
20 may. 2024,"Funciona bien. Sin descollar, cumple su función.",Calificación 4 de 5,0
20 may. 2024,Adecuado por el momento.,Calificación 4 de 5,0
20 may. 2024,"El producto es bastante bueno para el precio y cumple con las funciones basicas, luego de unos 8 meses en ciertas ocasiones se tilda, nada que no pueda solucionarse, pero el balance del celu sigue siendo positivo.",Calificación 4 de 5,0
20 may. 2024,Buen celu.,Calificación 4 de 5,0
19 may. 2024,La cam saca en 50mpx solo en 4:3.,Calificación 4 de 5,0
17 may. 2024,"Muy bueno, es lo que esperaba por su precio.",Calificación 4 de 5,0
17 may. 2024,Buen precio y calidad.,Calificación 4 de 5,0
15 may. 2024,Excelente! funciona muy bien!!.,Calificación 4 de 5,0
14 may. 2024,Nsns.,Calificación 4 de 5,0
14 may. 2024,Ok.,Calificación 4 de 5,0
14 may. 2024,Bueno.,Calificación 4 de 5,0
13 may. 2024,"Se lo compré a mi nene y funciona bien dentro de todo. Juega roblox y corre aceptable. A veces se tilda cuando quiere abrir varias cosas al mismo tiempo, pero es lógico por sus recursos.",Calificación 4 de 5,0
13 may. 2024,Conforme de acuerdo ala calidad y precio.,Calificación 4 de 5,0
13 may. 2024,Excelente producto.,Calificación 4 de 5,0
12 may. 2024,Muy bueno.,Calificación 4 de 5,0
10 may. 2024,"Lo oregalé , por lo que no puedo opinar del producto. Sé que funcionó y está en uso.",Calificación 4 de 5,0
09 may. 2024,Si bien tiene un valor muy alto en relación con sus prestaciones (como la lamentablemente esta ocurriendo en esta país) lo considero el mas apropiado para su utilidad como teléfono.,Calificación 4 de 5,0
08 may. 2024,Muy bueno.,Calificación 4 de 5,0
08 may. 2024,Muy bueno.,Calificación 4 de 5,0
07 may. 2024,Buen producto.,Calificación 4 de 5,0
07 may. 2024,Muy buen producto excelente relación precio calidad.,Calificación 4 de 5,0
05 may. 2024,Cumple su función.,Calificación 4 de 5,0
05 may. 2024,La calidad es buena y parece duradero. Las características muy copadas. Equivalente al precio.,Calificación 4 de 5,0
05 may. 2024,Cumple.,Calificación 4 de 5,0
03 may. 2024,Es un buen celular.,Calificación 4 de 5,0
02 may. 2024,"No puedo dar mucha opinión porque shave ,2. Día que lo uso.",Calificación 4 de 5,0
01 may. 2024,Buy bueno el celu.,Calificación 4 de 5,0
30 abr. 2024,Buen celular hasta el momento sin problemas.,Calificación 4 de 5,0
29 abr. 2024,"No lo compré para mi, pero la persona que lo usa no se quejó. Así que imagino que cumplió con sus expectativas.",Calificación 4 de 5,0
28 abr. 2024,Buen producto en relación al precio.,Calificación 4 de 5,0
27 abr. 2024,Es lindo.,Calificación 4 de 5,0
27 abr. 2024,Mi producto me pareció muy bueno acorde a lo que se publica de él.,Calificación 4 de 5,0
27 abr. 2024,Buen precio y calidad.,Calificación 4 de 5,0
27 abr. 2024,"Muy bueno, recomendable.",Calificación 4 de 5,0
26 abr. 2024,Excelente.,Calificación 4 de 5,0
25 abr. 2024,Es tal cual lo oublican.,Calificación 4 de 5,0
25 abr. 2024,Muy bueno.,Calificación 4 de 5,0
25 abr. 2024,Práctico facil de usar.,Calificación 4 de 5,0
25 abr. 2024,Se lo regale a mi vieja. Para el uso que le da ella sobra.,Calificación 4 de 5,0
24 abr. 2024,Muy buen producto.,Calificación 4 de 5,0
23 abr. 2024,Asta aora bien lindo.,Calificación 4 de 5,0
22 abr. 2024,"Lo esta probando mi hermana era para ella. Hasta acá conforme ella necesita lo básico. Memoria por su trabajo, duración de batería y buena cámara con eso esta feliz.",Calificación 4 de 5,0
22 abr. 2024,Genial el a04.,Calificación 4 de 5,0
20 abr. 2024,En el poco tiempo que lo tengo me parece muy bueno. Teniendo en cuenta relación calidad y precio.,Calificación 4 de 5,0
19 abr. 2024,Muy bueno.,Calificación 4 de 5,0
19 abr. 2024,"Hasta el momento, dos semanas d uso y nada ha fallado. Me gusto. Tiene buen volumen. Linda cámara. La batería muy buena. Lo cargo día por medio aún usándolo mucho. Espero q siga así. Por el precio, buena compra.",Calificación 4 de 5,0
17 abr. 2024,Es bueno en relación precio/producto. Más teniendo en cuenta que compre en oferta. Y además 6cuotas sin interés. Qué más podes pedir hoy.,Calificación 4 de 5,0
17 abr. 2024,Me pareció muy bueno para mi vieja le puse luis miguel y ella contenta. Relación precio y calidad muy bueno.,Calificación 4 de 5,0
17 abr. 2024,Bueno hace poquito que lo tengo pero es lo q quería me gusta!!!.,Calificación 4 de 5,0
16 abr. 2024,Excelente.,Calificación 4 de 5,0
16 abr. 2024,Es bueno. No tiene para huella dactilar. Lo que a mi me resulta incomodo sin desbloqueo por huella. Y la bareria zafa. Para el uso q le doy esta muy bien. Salvo la huella.,Calificación 4 de 5,0
16 abr. 2024,Para el precio. Más no se puede pedir. Cumple bien la función.,Calificación 4 de 5,0
15 abr. 2024,"Hace solo 48 hs que lo tengo, pero al parecer tiene buenas prestaciones considerando que es un teléfono de gama media/baja. Siempre tuve buenas experiencias con la marca, espero que siga este ritmo.",Calificación 4 de 5,0
14 abr. 2024,Buen producto ! relación precio y calidad. Recomendable.,Calificación 4 de 5,0
14 abr. 2024,Muy bueno.,Calificación 4 de 5,0
13 abr. 2024,"Muy buen producto realmente. Hacía rato que necesitaba un celu nuevo, y esta fue la gran oportunidad. Lo único negativo es que vino sin auriculares. Por todo lo demás, genial. Por ese motivo no le doy 5 estrellas. ¡¡¡muchas gracias!!!.",Calificación 4 de 5,0
13 abr. 2024,Bueno.,Calificación 4 de 5,0
13 abr. 2024,Por ahora anda bien.,Calificación 4 de 5,0
13 abr. 2024,Muy bueno.,Calificación 4 de 5,0
12 abr. 2024,Exquisito.,Calificación 4 de 5,0
12 abr. 2024,Ya recibi el producto muchas gracias.,Calificación 4 de 5,0
12 abr. 2024,Es muy buen celular. Para lo que yo lo uso. Me sirve de 10.,Calificación 4 de 5,0
10 abr. 2024,Hola tengo un problema andamios el alta bos de el celu.,Calificación 4 de 5,0
09 abr. 2024,Muy bueno.,Calificación 4 de 5,0
27 ene. 2023,"Lo compre para mi vieja, y esta muy contenta, me dijo pude ver el concierto de luis miguel completo, estaba emocionada. Vale la pena? seguro,.",Calificación 5 de 5,465
19 dic. 2022,"Impecable, acorde al precio y calidad muy buena, tampoco esperen la gran cosa del teléfono siendo algo económico. Si no sos muy pretencioso con las especificaciones es muy lindo teléfono y anda perfecto. (no vienen auriculares incluidos) para que sepan nada más.",Calificación 5 de 5,240
09 ene. 2023,"Mi novio está chocho. Rompe todos los celulares asique por el precio este era el ideal para el. Le sirve pero si lo rompe, tabla.",Calificación 5 de 5,154
09 ene. 2023,"Depende de quien lo use, para mí, sobra. Bien, entonces, como telefono, bien, ni mas ni menos. Whatsapp, el que tenía antes se llenaba la memoria con lo que iba recibiendo, este todavía tiene espacio. Para saber donde estoy con google maps y tomarme el bondi, perfecto (el telefono, google no). Despues las conexiones fluyen bien, el que tenía antes me ponía nervioso. La camara no tanto, creo que debería adaptarme un poco, para mi gusto el flash automatico es excesivo o el ajuste de iso, no se el que tenía antes estaba mejor. Pero por lo que fotografío no me quejo. Tiene linterna propia, sin bajarle apps, muy util y anda bien, sin publicidad por ejemplo. Tiene el paquete de office y otros ofimaticos de samsung, para cada cosa, un pdf, word, txt, dejo que el equipo decida, y nunca un problema. Para musica tuve que instalarle una app, no encontré nada nativo como el anterior, sería bueno pero ud que lée sabe lo que quiere. Poco nivel de salida eso sí, no me pongo auriculares lo conecto a equipos externos por eso me doy cuenta, nada grave pero nada sobresaliente. Y el tamaño es lo normal, mediano, entra en el bolsillo. No es caro, cien dolares, mi primer nokia valía eso en 2005 (aprox) y tenía solo telefono, sms y no tenía ni wifi, ni nada. Para juegos no lo uso. El cargador un poco lento. Chau.",Calificación 5 de 5,115
13 dic. 2022,La verdad que es un espectáculo rinde la batería es hermoso y además linda calidad de las fotos sus cámaras son buenísimas para ser gama baja o media no se jaja lo que se es que está muy bueno mi hijo feliz !!!! y yo también.,Calificación 5 de 5,88
29 dic. 2022,"Excelente, esta acorde al precio y calidad. Es muy lindo teléfono y anda perfecto.",Calificación 5 de 5,41
30 abr. 2023,Necesitaba tener màs memoris y que fuese sansung!!!.,Calificación 5 de 5,31
08 may. 2023,Me gusta porque es muy veloz. Lo necesito así por mi trabajo.,Calificación 5 de 5,26
04 ene. 2023,El modelo a04 de 10!tenía un a20 y la verdad que no cambio a samsung por nada. Sin dudas muy buena compra !!.,Calificación 5 de 5,13
13 feb. 2023,,Calificación 5 de 5,12
27 dic. 2022,"Fue una compra para mí madre, cambio el celular por uno súper viejo por este. Pantalla grande y anda fluido. Buen celu si nesecitas algo básico.",Calificación 5 de 5,9
12 oct. 2023,"Se lo compre para mi mama, y le sirve, lo usa para lo típico que lo usa la gente grande, tinder, binance y el asphalt 8. Bien para su precio, suficiente, me gusta.",Calificación 5 de 5,8
28 sep. 2023,Era lo esperado.,Calificación 5 de 5,9
21 may. 2023,"Es un teléfono que tiene cualidades q permiten una buena comunicación, con velocidad. Camara q saca muy buenas fotos.",Calificación 5 de 5,8
25 abr. 2023,En relación precio calidad excelente. Aunque cada vez más abaratan los costos y se nota mucho. En este producto por ejemplo le sacaron el detector de huellas. Algo indispensable hoy en día con lo común que es.,Calificación 5 de 5,8
28 dic. 2022,Excelente teléfono!! lo compre para mi hijo y está muy contento. La pantalla es grande y ala calidad de la imágen muy buena.,Calificación 5 de 5,8
17 dic. 2022,"Un exiito, super recomendable, lo mejor que tiene es la batería.",Calificación 5 de 5,8
10 abr. 2023,Muy conforme con el producto.,Calificación 5 de 5,7
05 dic. 2022,"Es muy lindo estéticamente, y super funcional, muy conforme con la compra.",Calificación 5 de 5,8
25 abr. 2023,Excelente producto. 10 puntos en todas las funciones.,Calificación 5 de 5,6
24 abr. 2023,El celular muy bueno lo recomiendo hasta la hora no falló no tengo queja compren que van a comprar algo bueno.,Calificación 5 de 5,6
21 dic. 2022,Excelente.,Calificación 5 de 5,6
20 dic. 2022,Muy lindo producto. Vale la pena comprarlo.,Calificación 5 de 5,5
15 jun. 2023,,Calificación 5 de 5,6
24 may. 2023,,Calificación 5 de 5,6
11 abr. 2023,"Ya llevo mas o menos un mes usandolo y la verdad que para el uso normal que le doy esta perfecto. Tiene mucho espacio, muy buena calidad de imagen para ver peliculas.",Calificación 5 de 5,5
11 may. 2023,Muy bueno y cumplió las expectativas.,Calificación 5 de 5,4
19 dic. 2023,,Calificación 5 de 5,6
06 abr. 2023,"Excelente, responde bien, yo tenia otro samsung, j2 primer, y pude sincronizar todo. Eso es genial, básicamente se clono el viejo j2 al a4, asík no perdí ningún dato ni info. Es lo que más me importaba, por lo demás, anda bien, para un uso convencional va de 10.",Calificación 5 de 5,4
17 ene. 2023,Le compré para mi mujer y la verdad hsta ahora anda perfecto muy buen producto. Lo recomiendo.,Calificación 5 de 5,4
20 dic. 2022,Era lo que esperaba.,Calificación 5 de 5,4
21 abr. 2023,Funciona ok para todo lo basico. Llamadas whatsapp y navegar.,Calificación 5 de 5,3
20 ene. 2023,No me puedo quejar esta conforme mi esposa.,Calificación 5 de 5,3
20 ene. 2023,Excelentesolo que la pantalla sufrio ua trizadura con apeas un roce accidental.,Calificación 5 de 5,3
10 ene. 2023,"Excelente teléfono la cámara espectacular, hermoso por dónde lo. Mirrs.",Calificación 5 de 5,3
08 ene. 2023,Muy bueno el celu x el precio anda muy bien.,Calificación 5 de 5,3
29 dic. 2022,"Es gama baja,pero precio y calidad excelente 👍 muy bueno.",Calificación 5 de 5,3
06 abr. 2023,Muy bueno.,Calificación 5 de 5,5
24 jul. 2023,La cámara tiene un modo pro. No tengo mucha experiencia. Pero tiene una interfaz amigable.,Calificación 5 de 5,3
03 sep. 2023,Muy bueno.,Calificación 5 de 5,3
15 jul. 2023,Excelente celular. Tiene una hermosa camara y muchisima memoria.,Calificación 5 de 5,3
30 jun. 2023,"Muy bueno, realmente es lo que esperaba , buena memoria, buena cámara, muy buena velocidad.",Calificación 5 de 5,3
04 may. 2023,"Todavía no lo he usado demasiado, pero lo que si todas las primeras experiencias que tuve fueron muy buenas. Antes de comprarlo hice una extensa recorrida por las opciones en esta gama y las características y opiniones me decidieron por este. Además, por supuesto, el precio muy acomodado y el prestigio de esta marca.",Calificación 5 de 5,3
22 abr. 2023,"Lo compré para mi mamá y es buenisimo. Ella no tenía interes en una cámara de alta calidad, para las demás funciones que le interesaban está muy bien!!.",Calificación 5 de 5,3
07 feb. 2023,Lo compre para mí hijo el está muy conforme batería dura bastante bien la cámara no es la mejor pero a mí hijo no le molesta lo que si me comentó es que para el la a pantalla si tiene buena imagen es muy fluido hasta el momento el está muy conforme con su celular todavía está explorando su celu mientras paso el tiempo de uso el me seguirá comentando es muy nuevo todavía estoda lo que puedo decir hasta ahora muy conforme con el producto👍.,Calificación 5 de 5,3
22 dic. 2022,Me gustó en líneas generales el producto. Cumple con los requerimientos y se destacan las prestaciones. Recomendado.,Calificación 5 de 5,3
22 oct. 2023,Todo ok.,Calificación 5 de 5,2
30 jun. 2023,"Un buen celular, se lo compro mi mamá así que a ella le sirve muy bien, un buen básico.",Calificación 5 de 5,2
03 ene. 2023,Muy bien producto. Ideal para los chicos.,Calificación 5 de 5,2
26 dic. 2022,De muy excelente calidad!! era lo que yo esperaba!!!.,Calificación 5 de 5,2
12 ene. 2024,"Lo compre en oferta y ya casi 2 años que lo tengo, con alrededor de unas 30 caídas y funciona como el primer día, obviamente lo tengo con una buena funda y vidrio templado, cada que se me caía y le veía un rayón al templado lo cambió, recomiendo eso, prefiero pagar un templado por mes que el modulo.",Calificación 5 de 5,2
20 ene. 2023,Muy bueno salvo la cámara. Pero bueno por el precio es razonable.,Calificación 5 de 5,2
22 dic. 2022,Muy buen producto hasta ahora super bien.,Calificación 5 de 5,2
17 dic. 2022,"Me encantó en celular ,funcioná muy bien no he tenido ningún problema.",Calificación 5 de 5,2
22 mar. 2024,Muy bueno el celu.,Calificación 5 de 5,1
12 abr. 2024,Acorde al precio.,Calificación 5 de 5,1
06 abr. 2024,"Me gusta. Lo tengo hace muy poco, pero hasta ahora todo parece estar bien: la batería dura lo que tiene que durar, el celu está rápido, tiene todas las aplicaciones que necesitaba (incluso las olvidadas pero muy necesarias como el block de notas), y el precio se corresponde con la calidad. Hasta ahora perfecto.",Calificación 5 de 5,1
19 oct. 2023,"Espectacular , mu buen precio.",Calificación 5 de 5,1
18 jul. 2023,Mas de lo que esperaba. Recomiendo.,Calificación 5 de 5,1
28 jun. 2023,Buenapantalla buen diseño.,Calificación 5 de 5,1
27 jun. 2023,Excelente. Buen nivel!!🤩.,Calificación 5 de 5,1
14 feb. 2023,Muy buen producto.,Calificación 5 de 5,1
19 ene. 2023,Muy bueno celular. Lo unico que le falta es la huella digital para ser un gran 📱. Pero para el precio esta más que bien.,Calificación 5 de 5,1
14 ene. 2023,"Buen celular, era para mí hijo. Súper contento.",Calificación 5 de 5,1
13 ene. 2023,"Excelente celular, recomendable para quien desea comprar al alguien que tiene por primera vez un celular. Llego en el momento que se indicaba, no hubo ningun daño del mismo. Recomendable. Saludos.",Calificación 5 de 5,1
13 ene. 2023,Todo de acuerdo al precio.,Calificación 5 de 5,1
13 ene. 2023,"Muy bien celular, muy completo. Superó nuestras expectativas!.",Calificación 5 de 5,1
12 ene. 2023,"Es samsung no hay mucho que agregar, todo bien!.",Calificación 5 de 5,1
12 ene. 2023,Relacion precio calidad y prestaciones muy buena.,Calificación 5 de 5,1
11 ene. 2023,Muy conforme con el producto muy recomendable.,Calificación 5 de 5,1
09 ene. 2023,Por ahora lo use poco para dar mas referencias.,Calificación 5 de 5,1
09 ene. 2023,"Cubrio mis expectativas el producto. Si bien es un celular de termino medio, sinceramente me sorprendio y quedo a partir de esto conforme con mi compra.",Calificación 5 de 5,1
08 ene. 2023,Excelentes prestaciones para el precio que tiene. Muy bueno.,Calificación 5 de 5,1
07 ene. 2023,Estoy sastfecho con la comprá q ise buenísimo.,Calificación 5 de 5,1
05 ene. 2023,Excelente producto en relación precio-calidad.,Calificación 5 de 5,1
03 ene. 2023,Hermosa compra. Conforme al precio y al equipo.,Calificación 5 de 5,1
03 ene. 2023,La verdad un excelente celular y precio.,Calificación 5 de 5,1
28 dic. 2022,Me sorprendió el poco tiempo que tardo en llegar.,Calificación 5 de 5,1
27 dic. 2022,Muy bueno.,Calificación 5 de 5,1
26 dic. 2022,Muy lindo para una chico esta percto.,Calificación 5 de 5,1
22 ene. 2024,"Conforme,con el producto.",Calificación 5 de 5,1
19 ene. 2024,Hasta el momento perfecto!.,Calificación 5 de 5,1
30 mar. 2024,Excelente.,Calificación 5 de 5,1
01 feb. 2024,Se compró para una persona mayor y la pantalla es muy grande por lo que es cómodo para su visión. Ahora tengo una abuela tecnologica 😂.,Calificación 5 de 5,1
13 nov. 2023,Obviamente la puntuación hace referencia a que tipo de teléfono.,Calificación 5 de 5,1
13 jul. 2023,Hasta el momento de 10 el celu.,Calificación 5 de 5,1
29 abr. 2023,"Precio calidad impecable, más calidad que precio. Todo funciona de maravilla, lo tengo hace un mes.",Calificación 5 de 5,1
07 abr. 2023,"Excelente, superó mis espectativas.",Calificación 5 de 5,1
07 mar. 2023,"Excelente teléfono muy recomendable, para los chicos o uso personal para joder y comunicarse es excelente y tiene memoria extraíble, muy buena cámara, sería fantástico si tendría más ram pero funciona a la perfección.",Calificación 5 de 5,1
03 ene. 2023,Muy buen producto!!! y llgó en perfectas condiciones.,Calificación 5 de 5,1
29 dic. 2022,Buen producto.,Calificación 5 de 5,1
29 dic. 2022,"Exelente producto y buena relacion rendimiento, calidad, precio.",Calificación 5 de 5,1
29 dic. 2022,"Muy buen celular y buenas prestaciones, siendo que es la uno de los más básico de la marca.",Calificación 5 de 5,1
10 jun. 2024,Es para mi mamá de 82 años y es desacierto de usar para ella y muy práctico.,Calificación 5 de 5,0
15 abr. 2024,Excelente!!!!.,Calificación 5 de 5,0
06 ago. 2024,,Calificación 5 de 5,0
19 jul. 2024,Muy bueno la cámara más o menos de noche pero esta muy bueno lo recomiendo.,Calificación 5 de 5,0
26 may. 2024,"El producto me pareció muy bueno, dura mucho la batería y eso es lo ue buscaba. Buena cámara buen sonido también. 👌.",Calificación 5 de 5,0
13 abr. 2024,"Fue un regalo para cada uno de mis hijos y les encanta,si ellos son felices yo más así que estoy satisfecho con mí compra.",Calificación 5 de 5,0
23 jun. 2023,La verdad me siento conforme se lo compre para mí mamá q ve redes sociales y cumple perfectamente su función además de eso la batería le dura bastante.,Calificación 5 de 5,0
03 oct. 2024,Excelente producto!!.,Calificación 5 de 5,0
02 oct. 2024,Buen producto.,Calificación 5 de 5,0
01 oct. 2024,Económico y de buena calidad.,Calificación 5 de 5,0
29 sep. 2024,Buen teléfono. Funciona bien.,Calificación 5 de 5,0
29 sep. 2024,Excelente.,Calificación 5 de 5,0
28 sep. 2024,Excelente producto precio y calidad!!.,Calificación 5 de 5,0
27 sep. 2024,Me lo robaron el lunes 23/09/2024. Necesito que me orienten con el seguro como usarlo. No tengo un teléfono para hablar con uds. Por favor necesito ayuda.,Calificación 5 de 5,0
25 sep. 2024,Normal. Precio y calidad.,Calificación 5 de 5,0
25 sep. 2024,Es muy bueno el celular lo compre para regalar.,Calificación 5 de 5,0
25 sep. 2024,Todo muy bien.,Calificación 5 de 5,0
24 sep. 2024,Excelente muy bueno.,Calificación 5 de 5,0
24 sep. 2024,Excelente 👌.,Calificación 5 de 5,0
24 sep. 2024,Me funciona perfecto hasta ahora no tuve inconvenientes solo que aveces se me va la señal y no se si eso sera del celu o del chip.,Calificación 5 de 5,0
23 sep. 2024,Muy bueno.,Calificación 5 de 5,0
23 sep. 2024,"Es un buen producto, y no fue tan caro cuando lo compre, aun funciona bien.",Calificación 5 de 5,0
23 sep. 2024,Excelente producto.,Calificación 5 de 5,0
23 sep. 2024,Muy bueno.,Calificación 5 de 5,0
21 sep. 2024,Recomendble totalmente.,Calificación 5 de 5,0
18 sep. 2024,De 10z.,Calificación 5 de 5,0
18 sep. 2024,Excelente muy bueno.,Calificación 5 de 5,0
17 sep. 2024,Excelente calidad. Muy bueno.,Calificación 5 de 5,0
17 sep. 2024,Exelente.,Calificación 5 de 5,0
16 sep. 2024,Es lo justo por el precio que sale. Es como para salir del paso xd.,Calificación 5 de 5,0
13 sep. 2024,No es el messi de los teléfonos pero tranca puede ser el huevo acuña.,Calificación 5 de 5,0
13 sep. 2024,Muy conforme. Anda a la perfección.,Calificación 5 de 5,0
11 sep. 2024,"Lo compre para mi mamá, y está muy conforme!.",Calificación 5 de 5,0
11 sep. 2024,Excelente el celu está hermoso y me pareció bien el precio calidad. Recomendable.,Calificación 5 de 5,0
11 sep. 2024,"Muy bueno, le compre para mi hijo y la verdad todo perfecto le sobra para el uso q le da.",Calificación 5 de 5,0
11 sep. 2024,Exelente.,Calificación 5 de 5,0
11 sep. 2024,Ok !!!.,Calificación 5 de 5,0
10 sep. 2024,Espectacular!!!.,Calificación 5 de 5,0
10 sep. 2024,9 de 10.,Calificación 5 de 5,0
09 sep. 2024,Excelente!!!.,Calificación 5 de 5,0
07 sep. 2024,Excelente.,Calificación 5 de 5,0
07 sep. 2024,Es una muy buena opción económica!.,Calificación 5 de 5,0
05 sep. 2024,Excelente y funciona perfecto no puedo enviar fotos porq es el q estoy usando.,Calificación 5 de 5,0
05 sep. 2024,El producto esta bien para el precio que sale.,Calificación 5 de 5,0
05 sep. 2024,Muy buen equipo. Para recomendar.,Calificación 5 de 5,0
05 sep. 2024,Excelente calidad y voy por el segundo.,Calificación 5 de 5,0
03 sep. 2024,Exelente producto muy recomendable.,Calificación 5 de 5,0
02 sep. 2024,"Lo tengo hace dos dias, hasta ahora todo perfecto. Excelente por precio y calidad.",Calificación 5 de 5,0
02 sep. 2024,Para una gama media es excelente.,Calificación 5 de 5,0
02 sep. 2024,Muy bueno el celular.,Calificación 5 de 5,0
01 sep. 2024,Todo perfecto.,Calificación 5 de 5,0
01 sep. 2024,"Es un celular que funciona muy bien, no se queda colgado, la cámara es bastante básica, con la función retrato en interiores se pueden sacar muy lindas fotos, pero luego en exterior es bastante simple. Lo único que se puede criticar es la cámara. Un muy buen celular.",Calificación 5 de 5,0
31 ago. 2024,Uso el producto hace aproximadamente 8 meses es muy pronto para evaluar la durabilidad de su batería. Hasta ahora todo funciona bien.,Calificación 5 de 5,0
30 ago. 2024,Muy bueno.,Calificación 5 de 5,0
30 ago. 2024,Excelente.,Calificación 5 de 5,0
30 ago. 2024,"Un regalo para mi madree, es un muy buen celular.",Calificación 5 de 5,0
30 ago. 2024,Espectacular.,Calificación 5 de 5,0
30 ago. 2024,En un teléfono muy bueno para alguien que lo usa discretamente. No es para quien busca un celular para jugar mucho o para quien busca macima calidad. Estoy contenta porque lo buscaba para eso. Redes sociales. Whatsapp y sacar fotos.,Calificación 5 de 5,0
29 ago. 2024,Todo ok.,Calificación 5 de 5,0
29 ago. 2024,Hermoso ❤️.,Calificación 5 de 5,0
29 ago. 2024,Es un excelente celular. Compra super satisfactoria.,Calificación 5 de 5,0
28 ago. 2024,Es lo que espera funciona perfecto hasta el momento se porta bastante bien.,Calificación 5 de 5,0
28 ago. 2024,Un espectáculo.,Calificación 5 de 5,0
27 ago. 2024,"Es muy sensible. Ya tuve que hacer cambio de display. Quizas porque es muy grande. Y eso que los cuido. Extraño mi j7 prime, lo use mas de 7 u 8 años y nunca un raspon. Era perfecto para mi bolsillo y su uso.",Calificación 5 de 5,0
27 ago. 2024,Es un equipo resistente. La bateria dura bien. Hace + de 1 año que lo tengo y todo 10 puntos. Ideal para los que trabajamos con él. Si buscas un equipo guerrero. Este es el indicado !.,Calificación 5 de 5,0
26 ago. 2024,Fué un regalo y lo disfruta mi hija.,Calificación 5 de 5,0
26 ago. 2024,Excelente.,Calificación 5 de 5,0
26 ago. 2024,Buen producto. Cumple con las espectativas.,Calificación 5 de 5,0
25 ago. 2024,Me encantó. Saca muy buenas fotos.,Calificación 5 de 5,0
24 ago. 2024,En una buena opción para un celu. Básico. Es muy lindo. Pero no tiene lector de huella.,Calificación 5 de 5,0
23 ago. 2024,"Buena relación precio producto, fácil de usar. Nos sirve para el uso que le damos en la escuela.",Calificación 5 de 5,0
22 ago. 2024,De diez mi señora chocha ningún problema por ahora.,Calificación 5 de 5,0
22 ago. 2024,Muy buen teléfono.,Calificación 5 de 5,0
22 ago. 2024,Exelwnte todo.,Calificación 5 de 5,0
21 ago. 2024,Exelente el teléfono cumple con todas las funciones. Des y trae muchas aplicaciones ya instaladas.,Calificación 5 de 5,0
21 ago. 2024,Excelente.,Calificación 5 de 5,0
19 ago. 2024,Genial.,Calificación 5 de 5,0
19 ago. 2024,Como todo producto de samsung no defrauda. Muy bueno.,Calificación 5 de 5,0
19 ago. 2024,Excelente 👌.,Calificación 5 de 5,0
19 ago. 2024,Aun no puedo calificar muchas características del producto pero en general no he tenido ningún invconveniente.,Calificación 5 de 5,0
18 ago. 2024,Excelente un año después lo sigo usando re lindo.,Calificación 5 de 5,0
16 ago. 2024,Buena relacion precio calidad.,Calificación 5 de 5,0
16 ago. 2024,Excelente.,Calificación 5 de 5,0
15 ago. 2024,Para el precio demasiado duro.,Calificación 5 de 5,0
14 ago. 2024,Buen celu para el precio.,Calificación 5 de 5,0
14 ago. 2024,Por el precio y como primer smartphone para un niño bastante bien.,Calificación 5 de 5,0
12 ago. 2024,Muy buen producto.,Calificación 5 de 5,0
12 ago. 2024,Excelente producto.,Calificación 5 de 5,0
12 ago. 2024,Estoy escribiendo desde el mismo y la verdad a mi me dejó más que satisfecho. Super recomendable un muy buen producto que cumple con las expectativas con creces.,Calificación 5 de 5,0
11 ago. 2024,Excelente. Pero con respecto a la duración no puedo opinar aún.,Calificación 5 de 5,0
11 ago. 2024,"Práctico y económico, lo que buscaba al mejor precio.",Calificación 5 de 5,0
10 ago. 2024,Fue un regalo para mi mamá! super feliz con todas las prestaciones.,Calificación 5 de 5,0
09 ago. 2024,Buen precio y calidad!!.,Calificación 5 de 5,0
09 ago. 2024,Barato y safa pero no me gustó mucho e. Seguida fui y compré uno mejor.,Calificación 5 de 5,0
08 ago. 2024,Es muy bonito. La batería dura sin problemas. Saca buenas fotos.,Calificación 5 de 5,0
08 ago. 2024,Hace un tiempo lo compré y anda bien.,Calificación 5 de 5,0
07 ago. 2024,"Me encantó, sinceramente hace tiempo lo quería cambiar , y el anterior era muy viejo no me duraba la batería. Con este me sobra , muy linda la calidad de la imagen. Y supera completo. Muy conforme !!!!.",Calificación 5 de 5,0
06 ago. 2024,Excelente producto.,Calificación 5 de 5,0
06 ago. 2024,Buen celu!!!.,Calificación 5 de 5,0
06 ago. 2024,👍👍👍.,Calificación 5 de 5,0
06 ago. 2024,Excelente.,Calificación 5 de 5,0
06 ago. 2024,Por ahora excelente gracias.,Calificación 5 de 5,0
06 ago. 2024,"Hace 7 meses que lo tengo desde que lo compro y hasta ahora no tuve ningún problema funciona excelente, la batería dura bastante también depende el uso que le des y las aplicaciones que tengas que eso también ocupa mucha batería pero eso ya es criterio de cada uno pero aparato recomendable no estuve muy conforme con el precio lo terminé de pagar con mucho sacrificio gracias a diós.",Calificación 5 de 5,0
06 ago. 2024,Muy buen teléfono por precio y calidad.,Calificación 5 de 5,0
05 ago. 2024,Todo bien.,Calificación 5 de 5,0
04 ago. 2024,Es lo que dijeron que seria.,Calificación 5 de 5,0
04 ago. 2024,"Lo que necesitaba, precuo y desmprño a la medida.",Calificación 5 de 5,0
03 ago. 2024,Excelente producto.,Calificación 5 de 5,0
02 ago. 2024,Excelente!! todo perfecto 👌.,Calificación 5 de 5,0
02 ago. 2024,Celular completo. Lo único que no tiene es lector de huella está versión no trae. Pero lo demás bien. Lo bueno que trajo cargador rápido.,Calificación 5 de 5,0
01 ago. 2024,Muy buen producto.,Calificación 5 de 5,0
01 ago. 2024,Resulto lo que esperaba cumple sus funciones.,Calificación 5 de 5,0
01 ago. 2024,"Excelente, como todos los productos de samsung.",Calificación 5 de 5,0
31 jul. 2024,Excelente 👌.,Calificación 5 de 5,0
31 jul. 2024,Excelente como todo producto samsung.,Calificación 5 de 5,0
31 jul. 2024,Muy bueno.,Calificación 5 de 5,0
31 jul. 2024,Acorde al valor es bueno me sirver.,Calificación 5 de 5,0
